Time,Train_ID,Station,Alert_Type,Severity
12-12-2024 16:50,12345,Running ,No Alert,None
12-12-2024 16:51,12345,Running ,No Alert,None
12-12-2024 16:52,12345,Running ,No Alert,None
12-12-2024 16:53,12345,Running ,No Alert,None
12-12-2024 16:54,12345,Running ,No Alert,None
12-12-2024 16:55,12345,Running ,No Alert,None
12-12-2024 16:56,12345,Running ,No Alert,None
12-12-2024 16:57,12345,Running ,No Alert,None
12-12-2024 16:58,12345,Running ,No Alert,None
12-12-2024 16:59,12345,Running ,No Alert,None
12-12-2024 17:00,12345,Running ,No Alert,None
12-12-2024 17:01,12345,Running ,No Alert,None
12-12-2024 17:02,12345,Running ,No Alert,None
12-12-2024 17:03,12345,Running ,No Alert,None
12-12-2024 17:04,12345,Running ,No Alert,None
12-12-2024 17:05,12345,Running ,No Alert,None
12-12-2024 17:06,12345,Running ,No Alert,None
12-12-2024 17:07,12345,Running ,No Alert,None
12-12-2024 17:08,12345,Running ,No Alert,None
12-12-2024 17:09,12345,Running ,No Alert,None
12-12-2024 17:10,12345,Running ,No Alert,None
12-12-2024 17:11,12345,Running ,No Alert,None
12-12-2024 17:12,12345,Running ,No Alert,None
12-12-2024 17:13,12345,Running ,No Alert,None
12-12-2024 17:14,12345,Running ,No Alert,None
12-12-2024 17:15,12345,Running ,No Alert,None
12-12-2024 17:16,12345,Running ,No Alert,None
12-12-2024 17:17,12345,Running ,No Alert,None
12-12-2024 17:18,12345,Running ,No Alert,None
12-12-2024 17:19,12345,Running ,No Alert,None
12-12-2024 17:20,12345,Running ,No Alert,None
12-12-2024 17:21,12345,Running ,No Alert,None
12-12-2024 17:22,12345,Running ,No Alert,None
12-12-2024 17:23,12345,Running ,No Alert,None
12-12-2024 17:24,12345,Running ,No Alert,None
12-12-2024 17:25,12345,Running ,No Alert,None
12-12-2024 17:26,12345,Running ,No Alert,None
12-12-2024 17:27,12345,Running ,No Alert,None
12-12-2024 17:28,12345,Running ,No Alert,None
12-12-2024 17:29,12345,Running ,No Alert,None
12-12-2024 17:30,12345,Running ,No Alert,None
12-12-2024 17:31,12345,Running ,No Alert,None
12-12-2024 17:32,12345,Running ,No Alert,None
12-12-2024 17:33,12345,Running ,No Alert,None
12-12-2024 17:34,12345,Running ,No Alert,None
12-12-2024 17:35,12345,Running ,No Alert,None
12-12-2024 17:36,12345,Running ,No Alert,None
12-12-2024 17:37,12345,Running ,No Alert,None
12-12-2024 17:38,12345,Running ,No Alert,None
12-12-2024 17:39,12345,Running ,No Alert,None
12-12-2024 17:40,12345,Running ,No Alert,None
12-12-2024 17:41,12345,Running ,No Alert,None
12-12-2024 17:42,12345,Running ,No Alert,None
12-12-2024 17:43,12345,HWH,Platform Change,Low
12-12-2024 17:44,12345,Running ,No Alert,None
12-12-2024 17:45,12345,Running ,No Alert,None
12-12-2024 17:46,12345,Running ,No Alert,None
12-12-2024 17:47,12345,Running ,No Alert,None
12-12-2024 17:48,12345,Running ,No Alert,None
12-12-2024 17:49,12345,Running ,No Alert,None
12-12-2024 17:50,12345,Running ,No Alert,None
12-12-2024 17:51,12345,Running ,No Alert,None
12-12-2024 17:52,12345,Running ,No Alert,None
12-12-2024 17:53,12345,Running ,No Alert,None
12-12-2024 17:54,12345,Running ,No Alert,None
12-12-2024 17:55,12345,Running ,No Alert,None
12-12-2024 17:56,12345,Running ,No Alert,None
12-12-2024 17:57,12345,Running ,No Alert,None
12-12-2024 17:58,12345,Running ,No Alert,None
12-12-2024 17:59,12345,Running ,No Alert,None
12-12-2024 18:00,12345,Running ,No Alert,None
12-12-2024 18:01,12345,Running ,No Alert,None
12-12-2024 18:02,12345,Running ,No Alert,None
12-12-2024 18:03,12345,Running ,No Alert,None
12-12-2024 18:04,12345,Running ,No Alert,None
12-12-2024 18:05,12345,Running ,No Alert,None
12-12-2024 18:06,12345,ALD,Maintenance Due,Critical
12-12-2024 18:07,12345,Running ,No Alert,None
12-12-2024 18:08,12345,Running ,No Alert,None
12-12-2024 18:09,12345,Running ,No Alert,None
12-12-2024 18:10,12345,Running ,No Alert,None
12-12-2024 18:11,12345,Running ,No Alert,None
12-12-2024 18:12,12345,Running ,No Alert,None
12-12-2024 18:13,12345,Running ,No Alert,None
12-12-2024 18:14,12345,Running ,No Alert,None
12-12-2024 18:15,12345,Running ,No Alert,None
12-12-2024 18:16,12345,Running ,No Alert,None
12-12-2024 18:17,12345,Running ,No Alert,None
12-12-2024 18:18,12345,Running ,No Alert,None
12-12-2024 18:19,12345,Running ,No Alert,None
12-12-2024 18:20,12345,Running ,No Alert,None
12-12-2024 18:21,12345,Running ,No Alert,None
12-12-2024 18:22,12345,Running ,No Alert,None
12-12-2024 18:23,12345,Running ,No Alert,None
12-12-2024 18:24,12345,Running ,No Alert,None
12-12-2024 18:25,12345,Running ,No Alert,None
12-12-2024 18:26,12345,Running ,No Alert,None
12-12-2024 18:27,12345,Running ,No Alert,None
12-12-2024 18:28,12345,Running ,No Alert,None
12-12-2024 18:29,12345,Running ,No Alert,None
12-12-2024 18:30,12345,Running ,No Alert,None
12-12-2024 18:31,12345,Running ,No Alert,None
12-12-2024 18:32,12345,Running ,No Alert,None
12-12-2024 18:33,12345,Running ,No Alert,None
12-12-2024 18:34,12345,Running ,No Alert,None
12-12-2024 18:35,12345,Running ,No Alert,None
12-12-2024 18:36,12345,Running ,No Alert,None
12-12-2024 18:37,12345,Running ,No Alert,None
12-12-2024 18:38,12345,Running ,No Alert,None
12-12-2024 18:39,12345,Running ,No Alert,None
12-12-2024 18:40,12345,Running ,No Alert,None
12-12-2024 18:41,12345,Running ,No Alert,None
12-12-2024 18:42,12345,Running ,No Alert,None
12-12-2024 18:43,12345,Running ,No Alert,None
12-12-2024 18:44,12345,Running ,No Alert,None
12-12-2024 18:45,12345,Running ,No Alert,None
12-12-2024 18:46,12345,Running ,No Alert,None
12-12-2024 18:47,12345,MGS,Luggage Left Behind,Low
12-12-2024 18:48,12345,Running ,No Alert,None
12-12-2024 18:49,12345,Running ,No Alert,None
12-12-2024 18:50,12345,Running ,No Alert,None
12-12-2024 18:51,12345,Running ,No Alert,None
12-12-2024 18:52,12345,Running ,No Alert,None
12-12-2024 18:53,12345,Running ,No Alert,None
12-12-2024 18:54,12345,Running ,No Alert,None
12-12-2024 18:55,12345,Running ,No Alert,None
12-12-2024 18:56,12345,Running ,No Alert,None
12-12-2024 18:57,12345,Running ,No Alert,None
12-12-2024 18:58,12345,Running ,No Alert,None
12-12-2024 18:59,12345,Running ,No Alert,None
12-12-2024 19:00,12345,Running ,No Alert,None
12-12-2024 19:01,12345,Running ,No Alert,None
12-12-2024 19:02,12345,Running ,No Alert,None
12-12-2024 19:03,12345,Running ,No Alert,None
12-12-2024 19:04,12345,Running ,No Alert,None
12-12-2024 19:05,12345,Running ,No Alert,None
12-12-2024 19:06,12345,Running ,No Alert,None
12-12-2024 19:07,12345,Running ,No Alert,None
12-12-2024 19:08,12345,Running ,No Alert,None
12-12-2024 19:09,12345,Running ,No Alert,None
12-12-2024 19:10,12345,Running ,No Alert,None
12-12-2024 19:11,12345,Running ,No Alert,None
12-12-2024 19:12,12345,Running ,No Alert,None
12-12-2024 19:13,12345,Running ,No Alert,None
12-12-2024 19:14,12345,Running ,No Alert,None
12-12-2024 19:15,12345,NDLS,Medical Emergency,Critical
12-12-2024 19:16,12345,Running ,No Alert,None
12-12-2024 19:17,12345,Running ,No Alert,None
12-12-2024 19:18,12345,Running ,No Alert,None
12-12-2024 19:19,12345,Running ,No Alert,None
12-12-2024 19:20,12345,Running ,No Alert,None
12-12-2024 19:21,12345,Running ,No Alert,None
12-12-2024 19:22,12345,Running ,No Alert,None
12-12-2024 19:23,12345,Running ,No Alert,None
12-12-2024 19:24,12345,Running ,No Alert,None
12-12-2024 19:25,12345,Running ,No Alert,None
12-12-2024 19:26,12345,Running ,No Alert,None
12-12-2024 19:27,12345,Running ,No Alert,None
12-12-2024 19:28,12345,Running ,No Alert,None
12-12-2024 19:29,12345,Running ,No Alert,None
12-12-2024 19:30,12345,Running ,No Alert,None
12-12-2024 19:31,12345,Running ,No Alert,None
12-12-2024 19:32,12345,Running ,No Alert,None
12-12-2024 19:33,12345,Running ,No Alert,None
12-12-2024 19:34,12345,Running ,No Alert,None
12-12-2024 19:35,12345,Running ,No Alert,None
12-12-2024 19:36,12345,Running ,No Alert,None
12-12-2024 19:37,12345,Running ,No Alert,None
12-12-2024 19:38,12345,Running ,No Alert,None
12-12-2024 19:39,12345,Running ,No Alert,None
12-12-2024 19:40,12345,Running ,No Alert,None
12-12-2024 19:41,12345,Running ,No Alert,None
12-12-2024 19:42,12345,Running ,No Alert,None
12-12-2024 19:43,12345,Running ,No Alert,None
12-12-2024 19:44,12345,Running ,No Alert,None
12-12-2024 19:45,12345,Running ,No Alert,None
12-12-2024 19:46,12345,Running ,No Alert,None
12-12-2024 19:47,12345,Running ,No Alert,None
12-12-2024 19:48,12345,Running ,No Alert,None
12-12-2024 19:49,12345,ALD,Water Shortage,Critical
12-12-2024 19:50,12345,Running ,No Alert,None
12-12-2024 19:51,12345,Running ,No Alert,None
12-12-2024 19:52,12345,Running ,No Alert,None
12-12-2024 19:53,12345,Running ,No Alert,None
12-12-2024 19:54,12345,Running ,No Alert,None
12-12-2024 19:55,12345,GZB,Maintenance Due,Medium
12-12-2024 19:56,12345,Running ,No Alert,None
12-12-2024 19:57,12345,Running ,No Alert,None
12-12-2024 19:58,12345,Running ,No Alert,None
12-12-2024 19:59,12345,Running ,No Alert,None
12-12-2024 20:00,12345,Running ,No Alert,None
12-12-2024 20:01,12345,Running ,No Alert,None
12-12-2024 20:02,12345,Running ,No Alert,None
12-12-2024 20:03,12345,Running ,No Alert,None
12-12-2024 20:04,12345,Running ,No Alert,None
12-12-2024 20:05,12345,Running ,No Alert,None
12-12-2024 20:06,12345,Running ,No Alert,None
12-12-2024 20:07,12345,Running ,No Alert,None
12-12-2024 20:08,12345,Running ,No Alert,None
12-12-2024 20:09,12345,Running ,No Alert,None
12-12-2024 20:10,12345,Running ,No Alert,None
12-12-2024 20:11,12345,Running ,No Alert,None
12-12-2024 20:12,12345,Running ,No Alert,None
12-12-2024 20:13,12345,Running ,No Alert,None
12-12-2024 20:14,12345,Running ,No Alert,None
12-12-2024 20:15,12345,Running ,No Alert,None
12-12-2024 20:16,12345,Running ,No Alert,None
12-12-2024 20:17,12345,Running ,No Alert,None
12-12-2024 20:18,12345,Running ,No Alert,None
12-12-2024 20:19,12345,Running ,No Alert,None
12-12-2024 20:20,12345,Running ,No Alert,None
12-12-2024 20:21,12345,Running ,No Alert,None
12-12-2024 20:22,12345,Running ,No Alert,None
12-12-2024 20:23,12345,Running ,No Alert,None
12-12-2024 20:24,12345,Running ,No Alert,None
12-12-2024 20:25,12345,Running ,No Alert,None
12-12-2024 20:26,12345,Running ,No Alert,None
12-12-2024 20:27,12345,Running ,No Alert,None
12-12-2024 20:28,12345,Running ,No Alert,None
12-12-2024 20:29,12345,Running ,No Alert,None
12-12-2024 20:30,12345,Running ,No Alert,None
12-12-2024 20:31,12345,Running ,No Alert,None
12-12-2024 20:32,12345,Running ,No Alert,None
12-12-2024 20:33,12345,Running ,No Alert,None
12-12-2024 20:34,12345,Running ,No Alert,None
12-12-2024 20:35,12345,Running ,No Alert,None
12-12-2024 20:36,12345,Running ,No Alert,None
12-12-2024 20:37,12345,Running ,No Alert,None
12-12-2024 20:38,12345,Running ,No Alert,None
12-12-2024 20:39,12345,Running ,No Alert,None
12-12-2024 20:40,12345,Running ,No Alert,None
12-12-2024 20:41,12345,Running ,No Alert,None
12-12-2024 20:42,12345,Running ,No Alert,None
12-12-2024 20:43,12345,Running ,No Alert,None
12-12-2024 20:44,12345,Running ,No Alert,None
12-12-2024 20:45,12345,Running ,No Alert,None
12-12-2024 20:46,12345,CNB,Power Failure,Critical
12-12-2024 20:47,12345,Running ,No Alert,None
12-12-2024 20:48,12345,Running ,No Alert,None
12-12-2024 20:49,12345,Running ,No Alert,None
12-12-2024 20:50,12345,Running ,No Alert,None
12-12-2024 20:51,12345,Running ,No Alert,None
12-12-2024 20:52,12345,Running ,No Alert,None
12-12-2024 20:53,12345,Running ,No Alert,None
12-12-2024 20:54,12345,Running ,No Alert,None
12-12-2024 20:55,12345,Running ,No Alert,None
12-12-2024 20:56,12345,Running ,No Alert,None
12-12-2024 20:57,12345,Running ,No Alert,None
12-12-2024 20:58,12345,Running ,No Alert,None
12-12-2024 20:59,12345,Running ,No Alert,None
12-12-2024 21:00,12345,Running ,No Alert,None
12-12-2024 21:01,12345,Running ,No Alert,None
12-12-2024 21:02,12345,Running ,No Alert,None
12-12-2024 21:03,12345,Running ,No Alert,None
12-12-2024 21:04,12345,Running ,No Alert,None
12-12-2024 21:05,12345,Running ,No Alert,None
12-12-2024 21:06,12345,Running ,No Alert,None
12-12-2024 21:07,12345,Running ,No Alert,None
12-12-2024 21:08,12345,Running ,No Alert,None
12-12-2024 21:09,12345,Running ,No Alert,None
12-12-2024 21:10,12345,Running ,No Alert,None
12-12-2024 21:11,12345,Running ,No Alert,None
12-12-2024 21:12,12345,Running ,No Alert,None
12-12-2024 21:13,12345,Running ,No Alert,None
12-12-2024 21:14,12345,Running ,No Alert,None
12-12-2024 21:15,12345,Running ,No Alert,None
12-12-2024 21:16,12345,Running ,No Alert,None
12-12-2024 21:17,12345,Running ,No Alert,None
12-12-2024 21:18,12345,Running ,No Alert,None
12-12-2024 21:19,12345,Running ,No Alert,None
12-12-2024 21:20,12345,Running ,No Alert,None
12-12-2024 21:21,12345,Running ,No Alert,None
12-12-2024 21:22,12345,Running ,No Alert,None
12-12-2024 21:23,12345,Running ,No Alert,None
12-12-2024 21:24,12345,Running ,No Alert,None
12-12-2024 21:25,12345,Running ,No Alert,None
12-12-2024 21:26,12345,Running ,No Alert,None
12-12-2024 21:27,12345,Running ,No Alert,None
12-12-2024 21:28,12345,Running ,No Alert,None
12-12-2024 21:29,12345,Running ,No Alert,None
12-12-2024 21:30,12345,Running ,No Alert,None
12-12-2024 21:31,12345,Running ,No Alert,None
12-12-2024 21:32,12345,Running ,No Alert,None
12-12-2024 21:33,12345,Running ,No Alert,None
12-12-2024 21:34,12345,Running ,No Alert,None
12-12-2024 21:35,12345,Running ,No Alert,None
12-12-2024 21:36,12345,Running ,No Alert,None
12-12-2024 21:37,12345,Running ,No Alert,None
12-12-2024 21:38,12345,Running ,No Alert,None
12-12-2024 21:39,12345,Running ,No Alert,None
12-12-2024 21:40,12345,Running ,No Alert,None
12-12-2024 21:41,12345,Running ,No Alert,None
12-12-2024 21:42,12345,Running ,No Alert,None
12-12-2024 21:43,12345,Running ,No Alert,None
12-12-2024 21:44,12345,Running ,No Alert,None
12-12-2024 21:45,12345,Running ,No Alert,None
12-12-2024 21:46,12345,Running ,No Alert,None
12-12-2024 21:47,12345,Running ,No Alert,None
12-12-2024 21:48,12345,Running ,No Alert,None
12-12-2024 21:49,12345,Running ,No Alert,None
12-12-2024 21:50,12345,Running ,No Alert,None
12-12-2024 21:51,12345,Running ,No Alert,None
12-12-2024 21:52,12345,Running ,No Alert,None
12-12-2024 21:53,12345,Running ,No Alert,None
12-12-2024 21:54,12345,Running ,No Alert,None
12-12-2024 21:55,12345,Running ,No Alert,None
12-12-2024 21:56,12345,Running ,No Alert,None
12-12-2024 21:57,12345,Running ,No Alert,None
12-12-2024 21:58,12345,Running ,No Alert,None
12-12-2024 21:59,12345,Running ,No Alert,None
12-12-2024 22:00,12345,Running ,No Alert,None
12-12-2024 22:01,12345,Running ,No Alert,None
12-12-2024 22:02,12345,Running ,No Alert,None
12-12-2024 22:03,12345,Running ,No Alert,None
12-12-2024 22:04,12345,Running ,No Alert,None
12-12-2024 22:05,12345,Running ,No Alert,None
12-12-2024 22:06,12345,Running ,No Alert,None
12-12-2024 22:07,12345,Running ,No Alert,None
12-12-2024 22:08,12345,Running ,No Alert,None
12-12-2024 22:09,12345,Running ,No Alert,None
12-12-2024 22:10,12345,Running ,No Alert,None
12-12-2024 22:11,12345,Running ,No Alert,None
12-12-2024 22:12,12345,Running ,No Alert,None
12-12-2024 22:13,12345,Running ,No Alert,None
12-12-2024 22:14,12345,Running ,No Alert,None
12-12-2024 22:15,12345,Running ,No Alert,None
12-12-2024 22:16,12345,Running ,No Alert,None
12-12-2024 22:17,12345,Running ,No Alert,None
12-12-2024 22:18,12345,Running ,No Alert,None
12-12-2024 22:19,12345,Running ,No Alert,None
12-12-2024 22:20,12345,Running ,No Alert,None
12-12-2024 22:21,12345,Running ,No Alert,None
12-12-2024 22:22,12345,Running ,No Alert,None
12-12-2024 22:23,12345,Running ,No Alert,None
12-12-2024 22:24,12345,Running ,No Alert,None
12-12-2024 22:25,12345,Running ,No Alert,None
12-12-2024 22:26,12345,Running ,No Alert,None
12-12-2024 22:27,12345,Running ,No Alert,None
12-12-2024 22:28,12345,Running ,No Alert,None
12-12-2024 22:29,12345,Running ,No Alert,None
12-12-2024 22:30,12345,Running ,No Alert,None
12-12-2024 22:31,12345,Running ,No Alert,None
12-12-2024 22:32,12345,Running ,No Alert,None
12-12-2024 22:33,12345,Running ,No Alert,None
12-12-2024 22:34,12345,Running ,No Alert,None
12-12-2024 22:35,12345,Running ,No Alert,None
12-12-2024 22:36,12345,Running ,No Alert,None
12-12-2024 22:37,12345,Running ,No Alert,None
12-12-2024 22:38,12345,Running ,No Alert,None
12-12-2024 22:39,12345,Running ,No Alert,None
12-12-2024 22:40,12345,Running ,No Alert,None
12-12-2024 22:41,12345,Running ,No Alert,None
12-12-2024 22:42,12345,Running ,No Alert,None
12-12-2024 22:43,12345,Running ,No Alert,None
12-12-2024 22:44,12345,MGS,Track Obstruction,Low
12-12-2024 22:45,12345,Running ,No Alert,None
12-12-2024 22:46,12345,Running ,No Alert,None
12-12-2024 22:47,12345,Running ,No Alert,None
12-12-2024 22:48,12345,Running ,No Alert,None
12-12-2024 22:49,12345,Running ,No Alert,None
12-12-2024 22:50,12345,Running ,No Alert,None
12-12-2024 22:51,12345,Running ,No Alert,None
12-12-2024 22:52,12345,Running ,No Alert,None
12-12-2024 22:53,12345,Running ,No Alert,None
12-12-2024 22:54,12345,Running ,No Alert,None
12-12-2024 22:55,12345,Running ,No Alert,None
12-12-2024 22:56,12345,Running ,No Alert,None
12-12-2024 22:57,12345,Running ,No Alert,None
12-12-2024 22:58,12345,Running ,No Alert,None
12-12-2024 22:59,12345,Running ,No Alert,None
12-12-2024 23:00,12345,Running ,No Alert,None
12-12-2024 23:01,12345,Running ,No Alert,None
12-12-2024 23:02,12345,Running ,No Alert,None
12-12-2024 23:03,12345,Running ,No Alert,None
12-12-2024 23:04,12345,Running ,No Alert,None
12-12-2024 23:05,12345,Running ,No Alert,None
12-12-2024 23:06,12345,Running ,No Alert,None
12-12-2024 23:07,12345,Running ,No Alert,None
12-12-2024 23:08,12345,Running ,No Alert,None
12-12-2024 23:09,12345,GZB,Power Failure,Medium
12-12-2024 23:10,12345,Running ,No Alert,None
12-12-2024 23:11,12345,Running ,No Alert,None
12-12-2024 23:12,12345,Running ,No Alert,None
12-12-2024 23:13,12345,Running ,No Alert,None
12-12-2024 23:14,12345,Running ,No Alert,None
12-12-2024 23:15,12345,Running ,No Alert,None
12-12-2024 23:16,12345,Running ,No Alert,None
12-12-2024 23:17,12345,Running ,No Alert,None
12-12-2024 23:18,12345,Running ,No Alert,None
12-12-2024 23:19,12345,Running ,No Alert,None
12-12-2024 23:20,12345,Running ,No Alert,None
12-12-2024 23:21,12345,Running ,No Alert,None
12-12-2024 23:22,12345,Running ,No Alert,None
12-12-2024 23:23,12345,Running ,No Alert,None
12-12-2024 23:24,12345,ASN,Fire Detection,Low
12-12-2024 23:25,12345,Running ,No Alert,None
12-12-2024 23:26,12345,Running ,No Alert,None
12-12-2024 23:27,12345,Running ,No Alert,None
12-12-2024 23:28,12345,Running ,No Alert,None
12-12-2024 23:29,12345,Running ,No Alert,None
12-12-2024 23:30,12345,Running ,No Alert,None
12-12-2024 23:31,12345,Running ,No Alert,None
12-12-2024 23:32,12345,Running ,No Alert,None
12-12-2024 23:33,12345,Running ,No Alert,None
12-12-2024 23:34,12345,Running ,No Alert,None
12-12-2024 23:35,12345,Running ,No Alert,None
12-12-2024 23:36,12345,Running ,No Alert,None
12-12-2024 23:37,12345,Running ,No Alert,None
12-12-2024 23:38,12345,Running ,No Alert,None
12-12-2024 23:39,12345,Running ,No Alert,None
12-12-2024 23:40,12345,Running ,No Alert,None
12-12-2024 23:41,12345,Running ,No Alert,None
12-12-2024 23:42,12345,Running ,No Alert,None
12-12-2024 23:43,12345,Running ,No Alert,None
12-12-2024 23:44,12345,Running ,No Alert,None
12-12-2024 23:45,12345,Running ,No Alert,None
12-12-2024 23:46,12345,Running ,No Alert,None
12-12-2024 23:47,12345,Running ,No Alert,None
12-12-2024 23:48,12345,Running ,No Alert,None
12-12-2024 23:49,12345,Running ,No Alert,None
12-12-2024 23:50,12345,Running ,No Alert,None
12-12-2024 23:51,12345,Running ,No Alert,None
12-12-2024 23:52,12345,Running ,No Alert,None
12-12-2024 23:53,12345,Running ,No Alert,None
12-12-2024 23:54,12345,Running ,No Alert,None
12-12-2024 23:55,12345,Running ,No Alert,None
12-12-2024 23:56,12345,Running ,No Alert,None
12-12-2024 23:57,12345,Running ,No Alert,None
12-12-2024 23:58,12345,Running ,No Alert,None
12-12-2024 23:59,12345,Running ,No Alert,None
13-12-2024 00:00,12345,Running ,No Alert,None
13-12-2024 00:01,12345,Running ,No Alert,None
13-12-2024 00:02,12345,Running ,No Alert,None
13-12-2024 00:03,12345,Running ,No Alert,None
13-12-2024 00:04,12345,HWH,Collision Risk,High
13-12-2024 00:05,12345,Running ,No Alert,None
13-12-2024 00:06,12345,Running ,No Alert,None
13-12-2024 00:07,12345,Running ,No Alert,None
13-12-2024 00:08,12345,Running ,No Alert,None
13-12-2024 00:09,12345,Running ,No Alert,None
13-12-2024 00:10,12345,Running ,No Alert,None
13-12-2024 00:11,12345,Running ,No Alert,None
13-12-2024 00:12,12345,Running ,No Alert,None
13-12-2024 00:13,12345,Running ,No Alert,None
13-12-2024 00:14,12345,Running ,No Alert,None
13-12-2024 00:15,12345,Running ,No Alert,None
13-12-2024 00:16,12345,Running ,No Alert,None
13-12-2024 00:17,12345,Running ,No Alert,None
13-12-2024 00:18,12345,Running ,No Alert,None
13-12-2024 00:19,12345,Running ,No Alert,None
13-12-2024 00:20,12345,Running ,No Alert,None
13-12-2024 00:21,12345,Running ,No Alert,None
13-12-2024 00:22,12345,Running ,No Alert,None
13-12-2024 00:23,12345,Running ,No Alert,None
13-12-2024 00:24,12345,Running ,No Alert,None
13-12-2024 00:25,12345,Running ,No Alert,None
13-12-2024 00:26,12345,Running ,No Alert,None
13-12-2024 00:27,12345,Running ,No Alert,None
13-12-2024 00:28,12345,Running ,No Alert,None
13-12-2024 00:29,12345,Running ,No Alert,None
13-12-2024 00:30,12345,Running ,No Alert,None
13-12-2024 00:31,12345,Running ,No Alert,None
13-12-2024 00:32,12345,Running ,No Alert,None
13-12-2024 00:33,12345,Running ,No Alert,None
13-12-2024 00:34,12345,Running ,No Alert,None
13-12-2024 00:35,12345,Running ,No Alert,None
13-12-2024 00:36,12345,Running ,No Alert,None
13-12-2024 00:37,12345,Running ,No Alert,None
13-12-2024 00:38,12345,Running ,No Alert,None
13-12-2024 00:39,12345,Running ,No Alert,None
13-12-2024 00:40,12345,Running ,No Alert,None
13-12-2024 00:41,12345,Running ,No Alert,None
13-12-2024 00:42,12345,Running ,No Alert,None
13-12-2024 00:43,12345,Running ,No Alert,None
13-12-2024 00:44,12345,NDLS,Water Shortage,Low
13-12-2024 00:45,12345,Running ,No Alert,None
13-12-2024 00:46,12345,Running ,No Alert,None
13-12-2024 00:47,12345,Running ,No Alert,None
13-12-2024 00:48,12345,Running ,No Alert,None
13-12-2024 00:49,12345,Running ,No Alert,None
13-12-2024 00:50,12345,Running ,No Alert,None
13-12-2024 00:51,12345,Running ,No Alert,None
13-12-2024 00:52,12345,Running ,No Alert,None
13-12-2024 00:53,12345,Running ,No Alert,None
13-12-2024 00:54,12345,Running ,No Alert,None
13-12-2024 00:55,12345,Running ,No Alert,None
13-12-2024 00:56,12345,Running ,No Alert,None
13-12-2024 00:57,12345,Running ,No Alert,None
13-12-2024 00:58,12345,Running ,No Alert,None
13-12-2024 00:59,12345,Running ,No Alert,None
13-12-2024 01:00,12345,Running ,No Alert,None
13-12-2024 01:01,12345,Running ,No Alert,None
13-12-2024 01:02,12345,Running ,No Alert,None
13-12-2024 01:03,12345,Running ,No Alert,None
13-12-2024 01:04,12345,Running ,No Alert,None
13-12-2024 01:05,12345,Running ,No Alert,None
13-12-2024 01:06,12345,Running ,No Alert,None
13-12-2024 01:07,12345,Running ,No Alert,None
13-12-2024 01:08,12345,Running ,No Alert,None
13-12-2024 01:09,12345,Running ,No Alert,None
13-12-2024 01:10,12345,Running ,No Alert,None
13-12-2024 01:11,12345,Running ,No Alert,None
13-12-2024 01:12,12345,Running ,No Alert,None
13-12-2024 01:13,12345,Running ,No Alert,None
13-12-2024 01:14,12345,Running ,No Alert,None
13-12-2024 01:15,12345,Running ,No Alert,None
13-12-2024 01:16,12345,Running ,No Alert,None
13-12-2024 01:17,12345,Running ,No Alert,None
13-12-2024 01:18,12345,Running ,No Alert,None
13-12-2024 01:19,12345,Running ,No Alert,None
13-12-2024 01:20,12345,Running ,No Alert,None
13-12-2024 01:21,12345,Running ,No Alert,None
13-12-2024 01:22,12345,Running ,No Alert,None
13-12-2024 01:23,12345,Running ,No Alert,None
13-12-2024 01:24,12345,Running ,No Alert,None
13-12-2024 01:25,12345,Running ,No Alert,None
13-12-2024 01:26,12345,Running ,No Alert,None
13-12-2024 01:27,12345,Running ,No Alert,None
13-12-2024 01:28,12345,Running ,No Alert,None
13-12-2024 01:29,12345,Running ,No Alert,None
13-12-2024 01:30,12345,Running ,No Alert,None
13-12-2024 01:31,12345,Running ,No Alert,None
13-12-2024 01:32,12345,Running ,No Alert,None
13-12-2024 01:33,12345,Running ,No Alert,None
13-12-2024 01:34,12345,CNB,Train Delay,High
13-12-2024 01:35,12345,Running ,No Alert,None
13-12-2024 01:36,12345,Running ,No Alert,None
13-12-2024 01:37,12345,CNB,Medical Emergency,Low
13-12-2024 01:38,12345,Running ,No Alert,None
13-12-2024 01:39,12345,Running ,No Alert,None
13-12-2024 01:40,12345,Running ,No Alert,None
13-12-2024 01:41,12345,Running ,No Alert,None
13-12-2024 01:42,12345,Running ,No Alert,None
13-12-2024 01:43,12345,Running ,No Alert,None
13-12-2024 01:44,12345,Running ,No Alert,None
13-12-2024 01:45,12345,Running ,No Alert,None
13-12-2024 01:46,12345,Running ,No Alert,None
13-12-2024 01:47,12345,Running ,No Alert,None
13-12-2024 01:48,12345,Running ,No Alert,None
13-12-2024 01:49,12345,Running ,No Alert,None
13-12-2024 01:50,12345,Running ,No Alert,None
13-12-2024 01:51,12345,Running ,No Alert,None
13-12-2024 01:52,12345,Running ,No Alert,None
13-12-2024 01:53,12345,Running ,No Alert,None
13-12-2024 01:54,12345,Running ,No Alert,None
13-12-2024 01:55,12345,Running ,No Alert,None
13-12-2024 01:56,12345,Running ,No Alert,None
13-12-2024 01:57,12345,MGS,Water Shortage,Medium
13-12-2024 01:58,12345,Running ,No Alert,None
13-12-2024 01:59,12345,Running ,No Alert,None
13-12-2024 02:00,12345,Running ,No Alert,None
13-12-2024 02:01,12345,Running ,No Alert,None
13-12-2024 02:02,12345,Running ,No Alert,None
13-12-2024 02:03,12345,MGS,Track Obstruction,Critical
13-12-2024 02:04,12345,Running ,No Alert,None
13-12-2024 02:05,12345,Running ,No Alert,None
13-12-2024 02:06,12345,Running ,No Alert,None
13-12-2024 02:07,12345,Running ,No Alert,None
13-12-2024 02:08,12345,Running ,No Alert,None
13-12-2024 02:09,12345,Running ,No Alert,None
13-12-2024 02:10,12345,Running ,No Alert,None
13-12-2024 02:11,12345,Running ,No Alert,None
13-12-2024 02:12,12345,Running ,No Alert,None
13-12-2024 02:13,12345,Running ,No Alert,None
13-12-2024 02:14,12345,Running ,No Alert,None
13-12-2024 02:15,12345,Running ,No Alert,None
13-12-2024 02:16,12345,Running ,No Alert,None
13-12-2024 02:17,12345,Running ,No Alert,None
13-12-2024 02:18,12345,Running ,No Alert,None
13-12-2024 02:19,12345,Running ,No Alert,None
13-12-2024 02:20,12345,Running ,No Alert,None
13-12-2024 02:21,12345,Running ,No Alert,None
13-12-2024 02:22,12345,Running ,No Alert,None
13-12-2024 02:23,12345,Running ,No Alert,None
13-12-2024 02:24,12345,Running ,No Alert,None
13-12-2024 02:25,12345,Running ,No Alert,None
13-12-2024 02:26,12345,Running ,No Alert,None
13-12-2024 02:27,12345,Running ,No Alert,None
13-12-2024 02:28,12345,Running ,No Alert,None
13-12-2024 02:29,12345,Running ,No Alert,None
13-12-2024 02:30,12345,Running ,No Alert,None
13-12-2024 02:31,12345,Running ,No Alert,None
13-12-2024 02:32,12345,Running ,No Alert,None
13-12-2024 02:33,12345,Running ,No Alert,None
13-12-2024 02:34,12345,Running ,No Alert,None
13-12-2024 02:35,12345,Running ,No Alert,None
13-12-2024 02:36,12345,Running ,No Alert,None
13-12-2024 02:37,12345,Running ,No Alert,None
13-12-2024 02:38,12345,Running ,No Alert,None
13-12-2024 02:39,12345,Running ,No Alert,None
13-12-2024 02:40,12345,Running ,No Alert,None
13-12-2024 02:41,12345,Running ,No Alert,None
13-12-2024 02:42,12345,Running ,No Alert,None
13-12-2024 02:43,12345,Running ,No Alert,None
13-12-2024 02:44,12345,Running ,No Alert,None
13-12-2024 02:45,12345,Running ,No Alert,None
13-12-2024 02:46,12345,Running ,No Alert,None
13-12-2024 02:47,12345,Running ,No Alert,None
13-12-2024 02:48,12345,Running ,No Alert,None
13-12-2024 02:49,12345,Running ,No Alert,None
13-12-2024 02:50,12345,Running ,No Alert,None
13-12-2024 02:51,12345,Running ,No Alert,None
13-12-2024 02:52,12345,Running ,No Alert,None
13-12-2024 02:53,12345,Running ,No Alert,None
13-12-2024 02:54,12345,Running ,No Alert,None
13-12-2024 02:55,12345,Running ,No Alert,None
13-12-2024 02:56,12345,Running ,No Alert,None
13-12-2024 02:57,12345,Running ,No Alert,None
13-12-2024 02:58,12345,Running ,No Alert,None
13-12-2024 02:59,12345,Running ,No Alert,None
13-12-2024 03:00,12345,Running ,No Alert,None
13-12-2024 03:01,12345,Running ,No Alert,None
13-12-2024 03:02,12345,Running ,No Alert,None
13-12-2024 03:03,12345,Running ,No Alert,None
13-12-2024 03:04,12345,Running ,No Alert,None
13-12-2024 03:05,12345,HWH,Luggage Left Behind,Medium
13-12-2024 03:06,12345,Running ,No Alert,None
13-12-2024 03:07,12345,Running ,No Alert,None
13-12-2024 03:08,12345,Running ,No Alert,None
13-12-2024 03:09,12345,Running ,No Alert,None
13-12-2024 03:10,12345,Running ,No Alert,None
13-12-2024 03:11,12345,Running ,No Alert,None
13-12-2024 03:12,12345,Running ,No Alert,None
13-12-2024 03:13,12345,Running ,No Alert,None
13-12-2024 03:14,12345,Running ,No Alert,None
13-12-2024 03:15,12345,Running ,No Alert,None
13-12-2024 03:16,12345,Running ,No Alert,None
13-12-2024 03:17,12345,Running ,No Alert,None
13-12-2024 03:18,12345,Running ,No Alert,None
13-12-2024 03:19,12345,Running ,No Alert,None
13-12-2024 03:20,12345,Running ,No Alert,None
13-12-2024 03:21,12345,Running ,No Alert,None
13-12-2024 03:22,12345,Running ,No Alert,None
13-12-2024 03:23,12345,Running ,No Alert,None
13-12-2024 03:24,12345,Running ,No Alert,None
13-12-2024 03:25,12345,Running ,No Alert,None
13-12-2024 03:26,12345,NDLS,Luggage Left Behind,Critical
13-12-2024 03:27,12345,Running ,No Alert,None
13-12-2024 03:28,12345,Running ,No Alert,None
13-12-2024 03:29,12345,Running ,No Alert,None
13-12-2024 03:30,12345,Running ,No Alert,None
13-12-2024 03:31,12345,Running ,No Alert,None
13-12-2024 03:32,12345,Running ,No Alert,None
13-12-2024 03:33,12345,Running ,No Alert,None
13-12-2024 03:34,12345,Running ,No Alert,None
13-12-2024 03:35,12345,Running ,No Alert,None
13-12-2024 03:36,12345,Running ,No Alert,None
13-12-2024 03:37,12345,Running ,No Alert,None
13-12-2024 03:38,12345,Running ,No Alert,None
13-12-2024 03:39,12345,Running ,No Alert,None
13-12-2024 03:40,12345,Running ,No Alert,None
13-12-2024 03:41,12345,Running ,No Alert,None
13-12-2024 03:42,12345,Running ,No Alert,None
13-12-2024 03:43,12345,Running ,No Alert,None
13-12-2024 03:44,12345,Running ,No Alert,None
13-12-2024 03:45,12345,Running ,No Alert,None
13-12-2024 03:46,12345,Running ,No Alert,None
13-12-2024 03:47,12345,Running ,No Alert,None
13-12-2024 03:48,12345,Running ,No Alert,None
13-12-2024 03:49,12345,Running ,No Alert,None
13-12-2024 03:50,12345,Running ,No Alert,None
13-12-2024 03:51,12345,Running ,No Alert,None
13-12-2024 03:52,12345,Running ,No Alert,None
13-12-2024 03:53,12345,Running ,No Alert,None
13-12-2024 03:54,12345,MGS,Medical Emergency,Medium
13-12-2024 03:55,12345,Running ,No Alert,None
13-12-2024 03:56,12345,Running ,No Alert,None
13-12-2024 03:57,12345,Running ,No Alert,None
13-12-2024 03:58,12345,Running ,No Alert,None
13-12-2024 03:59,12345,Running ,No Alert,None
13-12-2024 04:00,12345,Running ,No Alert,None
13-12-2024 04:01,12345,Running ,No Alert,None
13-12-2024 04:02,12345,Running ,No Alert,None
13-12-2024 04:03,12345,Running ,No Alert,None
13-12-2024 04:04,12345,Running ,No Alert,None
13-12-2024 04:05,12345,Running ,No Alert,None
13-12-2024 04:06,12345,Running ,No Alert,None
13-12-2024 04:07,12345,Running ,No Alert,None
13-12-2024 04:08,12345,Running ,No Alert,None
13-12-2024 04:09,12345,Running ,No Alert,None
13-12-2024 04:10,12345,Running ,No Alert,None
13-12-2024 04:11,12345,Running ,No Alert,None
13-12-2024 04:12,12345,Running ,No Alert,None
13-12-2024 04:13,12345,Running ,No Alert,None
13-12-2024 04:14,12345,Running ,No Alert,None
13-12-2024 04:15,12345,Running ,No Alert,None
13-12-2024 04:16,12345,Running ,No Alert,None
13-12-2024 04:17,12345,Running ,No Alert,None
13-12-2024 04:18,12345,Running ,No Alert,None
13-12-2024 04:19,12345,Running ,No Alert,None
13-12-2024 04:20,12345,Running ,No Alert,None
13-12-2024 04:21,12345,Running ,No Alert,None
13-12-2024 04:22,12345,Running ,No Alert,None
13-12-2024 04:23,12345,Running ,No Alert,None
13-12-2024 04:24,12345,Running ,No Alert,None
13-12-2024 04:25,12345,Running ,No Alert,None
13-12-2024 04:26,12345,Running ,No Alert,None
13-12-2024 04:27,12345,Running ,No Alert,None
13-12-2024 04:28,12345,Running ,No Alert,None
13-12-2024 04:29,12345,Running ,No Alert,None
13-12-2024 04:30,12345,Running ,No Alert,None
13-12-2024 04:31,12345,Running ,No Alert,None
13-12-2024 04:32,12345,Running ,No Alert,None
13-12-2024 04:33,12345,Running ,No Alert,None
13-12-2024 04:34,12345,Running ,No Alert,None
13-12-2024 04:35,12345,Running ,No Alert,None
13-12-2024 04:36,12345,Running ,No Alert,None
13-12-2024 04:37,12345,ALD,Weather Alert,Critical
13-12-2024 04:38,12345,Running ,No Alert,None
13-12-2024 04:39,12345,Running ,No Alert,None
13-12-2024 04:40,12345,Running ,No Alert,None
13-12-2024 04:41,12345,Running ,No Alert,None
13-12-2024 04:42,12345,Running ,No Alert,None
13-12-2024 04:43,12345,Running ,No Alert,None
13-12-2024 04:44,12345,Running ,No Alert,None
13-12-2024 04:45,12345,Running ,No Alert,None
13-12-2024 04:46,12345,Running ,No Alert,None
13-12-2024 04:47,12345,Running ,No Alert,None
13-12-2024 04:48,12345,Running ,No Alert,None
13-12-2024 04:49,12345,Running ,No Alert,None
13-12-2024 04:50,12345,Running ,No Alert,None
13-12-2024 04:51,12345,Running ,No Alert,None
13-12-2024 04:52,12345,Running ,No Alert,None
13-12-2024 04:53,12345,Running ,No Alert,None
13-12-2024 04:54,12345,Running ,No Alert,None
13-12-2024 04:55,12345,ASN,Luggage Left Behind,Low
13-12-2024 04:56,12345,Running ,No Alert,None
13-12-2024 04:57,12345,Running ,No Alert,None
13-12-2024 04:58,12345,Running ,No Alert,None
13-12-2024 04:59,12345,Running ,No Alert,None
13-12-2024 05:00,12345,Running ,No Alert,None
13-12-2024 05:01,12345,Running ,No Alert,None
13-12-2024 05:02,12345,Running ,No Alert,None
13-12-2024 05:03,12345,Running ,No Alert,None
13-12-2024 05:04,12345,Running ,No Alert,None
13-12-2024 05:05,12345,Running ,No Alert,None
13-12-2024 05:06,12345,Running ,No Alert,None
13-12-2024 05:07,12345,Running ,No Alert,None
13-12-2024 05:08,12345,Running ,No Alert,None
13-12-2024 05:09,12345,Running ,No Alert,None
13-12-2024 05:10,12345,Running ,No Alert,None
13-12-2024 05:11,12345,Running ,No Alert,None
13-12-2024 05:12,12345,Running ,No Alert,None
13-12-2024 05:13,12345,Running ,No Alert,None
13-12-2024 05:14,12345,Running ,No Alert,None
13-12-2024 05:15,12345,Running ,No Alert,None
13-12-2024 05:16,12345,Running ,No Alert,None
13-12-2024 05:17,12345,Running ,No Alert,None
13-12-2024 05:18,12345,Running ,No Alert,None
13-12-2024 05:19,12345,Running ,No Alert,None
13-12-2024 05:20,12345,Running ,No Alert,None
13-12-2024 05:21,12345,Running ,No Alert,None
13-12-2024 05:22,12345,Running ,No Alert,None
13-12-2024 05:23,12345,Running ,No Alert,None
13-12-2024 05:24,12345,Running ,No Alert,None
13-12-2024 05:25,12345,Running ,No Alert,None
13-12-2024 05:26,12345,Running ,No Alert,None
13-12-2024 05:27,12345,Running ,No Alert,None
13-12-2024 05:28,12345,Running ,No Alert,None
13-12-2024 05:29,12345,Running ,No Alert,None
13-12-2024 05:30,12345,Running ,No Alert,None
13-12-2024 05:31,12345,Running ,No Alert,None
13-12-2024 05:32,12345,Running ,No Alert,None
13-12-2024 05:33,12345,Running ,No Alert,None
13-12-2024 05:34,12345,Running ,No Alert,None
13-12-2024 05:35,12345,Running ,No Alert,None
13-12-2024 05:36,12345,Running ,No Alert,None
13-12-2024 05:37,12345,Running ,No Alert,None
13-12-2024 05:38,12345,Running ,No Alert,None
13-12-2024 05:39,12345,Running ,No Alert,None
13-12-2024 05:40,12345,Running ,No Alert,None
13-12-2024 05:41,12345,Running ,No Alert,None
13-12-2024 05:42,12345,Running ,No Alert,None
13-12-2024 05:43,12345,Running ,No Alert,None
13-12-2024 05:44,12345,Running ,No Alert,None
13-12-2024 05:45,12345,Running ,No Alert,None
13-12-2024 05:46,12345,Running ,No Alert,None
13-12-2024 05:47,12345,ALD,Water Shortage,Low
13-12-2024 05:48,12345,Running ,No Alert,None
13-12-2024 05:49,12345,Running ,No Alert,None
13-12-2024 05:50,12345,Running ,No Alert,None
13-12-2024 05:51,12345,Running ,No Alert,None
13-12-2024 05:52,12345,Running ,No Alert,None
13-12-2024 05:53,12345,Running ,No Alert,None
13-12-2024 05:54,12345,Running ,No Alert,None
13-12-2024 05:55,12345,Running ,No Alert,None
13-12-2024 05:56,12345,Running ,No Alert,None
13-12-2024 05:57,12345,Running ,No Alert,None
13-12-2024 05:58,12345,Running ,No Alert,None
13-12-2024 05:59,12345,Running ,No Alert,None
13-12-2024 06:00,12345,Running ,No Alert,None
13-12-2024 06:01,12345,Running ,No Alert,None
13-12-2024 06:02,12345,Running ,No Alert,None
13-12-2024 06:03,12345,Running ,No Alert,None
13-12-2024 06:04,12345,Running ,No Alert,None
13-12-2024 06:05,12345,Running ,No Alert,None
13-12-2024 06:06,12345,Running ,No Alert,None
13-12-2024 06:07,12345,Running ,No Alert,None
13-12-2024 06:08,12345,Running ,No Alert,None
13-12-2024 06:09,12345,Running ,No Alert,None
13-12-2024 06:10,12345,Running ,No Alert,None
13-12-2024 06:11,12345,Running ,No Alert,None
13-12-2024 06:12,12345,Running ,No Alert,None
13-12-2024 06:13,12345,Running ,No Alert,None
13-12-2024 06:14,12345,Running ,No Alert,None
13-12-2024 06:15,12345,Running ,No Alert,None
13-12-2024 06:16,12345,Running ,No Alert,None
13-12-2024 06:17,12345,Running ,No Alert,None
13-12-2024 06:18,12345,Running ,No Alert,None
13-12-2024 06:19,12345,HWH,Fire Detection,Medium
13-12-2024 06:20,12345,Running ,No Alert,None
13-12-2024 06:21,12345,Running ,No Alert,None
13-12-2024 06:22,12345,Running ,No Alert,None
13-12-2024 06:23,12345,Running ,No Alert,None
13-12-2024 06:24,12345,Running ,No Alert,None
13-12-2024 06:25,12345,Running ,No Alert,None
13-12-2024 06:26,12345,Running ,No Alert,None
13-12-2024 06:27,12345,Running ,No Alert,None
13-12-2024 06:28,12345,Running ,No Alert,None
13-12-2024 06:29,12345,Running ,No Alert,None
13-12-2024 06:30,12345,Running ,No Alert,None
13-12-2024 06:31,12345,Running ,No Alert,None
13-12-2024 06:32,12345,Running ,No Alert,None
13-12-2024 06:33,12345,Running ,No Alert,None
13-12-2024 06:34,12345,Running ,No Alert,None
13-12-2024 06:35,12345,Running ,No Alert,None
13-12-2024 06:36,12345,Running ,No Alert,None
13-12-2024 06:37,12345,Running ,No Alert,None
13-12-2024 06:38,12345,ALD,Medical Emergency,Critical
13-12-2024 06:39,12345,Running ,No Alert,None
13-12-2024 06:40,12345,Running ,No Alert,None
13-12-2024 06:41,12345,Running ,No Alert,None
13-12-2024 06:42,12345,Running ,No Alert,None
13-12-2024 06:43,12345,Running ,No Alert,None
13-12-2024 06:44,12345,Running ,No Alert,None
13-12-2024 06:45,12345,Running ,No Alert,None
13-12-2024 06:46,12345,Running ,No Alert,None
13-12-2024 06:47,12345,Running ,No Alert,None
13-12-2024 06:48,12345,Running ,No Alert,None
13-12-2024 06:49,12345,Running ,No Alert,None
13-12-2024 06:50,12345,Running ,No Alert,None
13-12-2024 06:51,12345,Running ,No Alert,None
13-12-2024 06:52,12345,Running ,No Alert,None
13-12-2024 06:53,12345,Running ,No Alert,None
13-12-2024 06:54,12345,Running ,No Alert,None
13-12-2024 06:55,12345,Running ,No Alert,None
13-12-2024 06:56,12345,Running ,No Alert,None
13-12-2024 06:57,12345,Running ,No Alert,None
13-12-2024 06:58,12345,Running ,No Alert,None
13-12-2024 06:59,12345,Running ,No Alert,None
13-12-2024 07:00,12345,Running ,No Alert,None
13-12-2024 07:01,12345,Running ,No Alert,None
13-12-2024 07:02,12345,Running ,No Alert,None
13-12-2024 07:03,12345,Running ,No Alert,None
13-12-2024 07:04,12345,Running ,No Alert,None
13-12-2024 07:05,12345,Running ,No Alert,None
13-12-2024 07:06,12345,Running ,No Alert,None
13-12-2024 07:07,12345,Running ,No Alert,None
13-12-2024 07:08,12345,Running ,No Alert,None
13-12-2024 07:09,12345,Running ,No Alert,None
13-12-2024 07:10,12345,Running ,No Alert,None
13-12-2024 07:11,12345,Running ,No Alert,None
13-12-2024 07:12,12345,Running ,No Alert,None
13-12-2024 07:13,12345,Running ,No Alert,None
13-12-2024 07:14,12345,Running ,No Alert,None
13-12-2024 07:15,12345,Running ,No Alert,None
13-12-2024 07:16,12345,Running ,No Alert,None
13-12-2024 07:17,12345,Running ,No Alert,None
13-12-2024 07:18,12345,Running ,No Alert,None
13-12-2024 07:19,12345,Running ,No Alert,None
13-12-2024 07:20,12345,Running ,No Alert,None
13-12-2024 07:21,12345,Running ,No Alert,None
13-12-2024 07:22,12345,Running ,No Alert,None
13-12-2024 07:23,12345,Running ,No Alert,None
13-12-2024 07:24,12345,Running ,No Alert,None
13-12-2024 07:25,12345,Running ,No Alert,None
13-12-2024 07:26,12345,Running ,No Alert,None
13-12-2024 07:27,12345,CNB,Maintenance Due,Low
13-12-2024 07:28,12345,HWH,Suspicious Activity,Low
13-12-2024 07:29,12345,Running ,No Alert,None
13-12-2024 07:30,12345,Running ,No Alert,None
13-12-2024 07:31,12345,Running ,No Alert,None
13-12-2024 07:32,12345,CNB,Suspicious Activity,Critical
13-12-2024 07:33,12345,Running ,No Alert,None
13-12-2024 07:34,12345,Running ,No Alert,None
13-12-2024 07:35,12345,Running ,No Alert,None
13-12-2024 07:36,12345,Running ,No Alert,None
13-12-2024 07:37,12345,Running ,No Alert,None
13-12-2024 07:38,12345,Running ,No Alert,None
13-12-2024 07:39,12345,Running ,No Alert,None
13-12-2024 07:40,12345,Running ,No Alert,None
13-12-2024 07:41,12345,Running ,No Alert,None
13-12-2024 07:42,12345,Running ,No Alert,None
13-12-2024 07:43,12345,Running ,No Alert,None
13-12-2024 07:44,12345,Running ,No Alert,None
13-12-2024 07:45,12345,Running ,No Alert,None
13-12-2024 07:46,12345,Running ,No Alert,None
13-12-2024 07:47,12345,Running ,No Alert,None
13-12-2024 07:48,12345,Running ,No Alert,None
13-12-2024 07:49,12345,Running ,No Alert,None
13-12-2024 07:50,12345,Running ,No Alert,None
13-12-2024 07:51,12345,Running ,No Alert,None
13-12-2024 07:52,12345,Running ,No Alert,None
13-12-2024 07:53,12345,Running ,No Alert,None
13-12-2024 07:54,12345,Running ,No Alert,None
13-12-2024 07:55,12345,Running ,No Alert,None
13-12-2024 07:56,12345,Running ,No Alert,None
13-12-2024 07:57,12345,Running ,No Alert,None
13-12-2024 07:58,12345,Running ,No Alert,None
13-12-2024 07:59,12345,Running ,No Alert,None
13-12-2024 08:00,12345,Running ,No Alert,None
13-12-2024 08:01,12345,Running ,No Alert,None
13-12-2024 08:02,12345,Running ,No Alert,None
13-12-2024 08:03,12345,Running ,No Alert,None
13-12-2024 08:04,12345,Running ,No Alert,None
13-12-2024 08:05,12345,Running ,No Alert,None
13-12-2024 08:06,12345,Running ,No Alert,None
13-12-2024 08:07,12345,Running ,No Alert,None
13-12-2024 08:08,12345,Running ,No Alert,None
13-12-2024 08:09,12345,Running ,No Alert,None
13-12-2024 08:10,12345,Running ,No Alert,None
13-12-2024 08:11,12345,Running ,No Alert,None
13-12-2024 08:12,12345,Running ,No Alert,None
13-12-2024 08:13,12345,Running ,No Alert,None
13-12-2024 08:14,12345,Running ,No Alert,None
13-12-2024 08:15,12345,Running ,No Alert,None
13-12-2024 08:16,12345,Running ,No Alert,None
13-12-2024 08:17,12345,Running ,No Alert,None
13-12-2024 08:18,12345,Running ,No Alert,None
13-12-2024 08:19,12345,Running ,No Alert,None
13-12-2024 08:20,12345,Running ,No Alert,None
13-12-2024 08:21,12345,Running ,No Alert,None
13-12-2024 08:22,12345,Running ,No Alert,None
13-12-2024 08:23,12345,Running ,No Alert,None
13-12-2024 08:24,12345,Running ,No Alert,None
13-12-2024 08:25,12345,Running ,No Alert,None
13-12-2024 08:26,12345,Running ,No Alert,None
13-12-2024 08:27,12345,Running ,No Alert,None
13-12-2024 08:28,12345,Running ,No Alert,None
13-12-2024 08:29,12345,Running ,No Alert,None
13-12-2024 08:30,12345,Running ,No Alert,None
13-12-2024 08:31,12345,Running ,No Alert,None
13-12-2024 08:32,12345,Running ,No Alert,None
13-12-2024 08:33,12345,Running ,No Alert,None
13-12-2024 08:34,12345,Running ,No Alert,None
13-12-2024 08:35,12345,Running ,No Alert,None
13-12-2024 08:36,12345,Running ,No Alert,None
13-12-2024 08:37,12345,Running ,No Alert,None
13-12-2024 08:38,12345,Running ,No Alert,None
13-12-2024 08:39,12345,Running ,No Alert,None
13-12-2024 08:40,12345,Running ,No Alert,None
13-12-2024 08:41,12345,Running ,No Alert,None
13-12-2024 08:42,12345,Running ,No Alert,None
13-12-2024 08:43,12345,Running ,No Alert,None
13-12-2024 08:44,12345,Running ,No Alert,None
13-12-2024 08:45,12345,Running ,No Alert,None
13-12-2024 08:46,12345,Running ,No Alert,None
13-12-2024 08:47,12345,Running ,No Alert,None
13-12-2024 08:48,12345,Running ,No Alert,None
13-12-2024 08:49,12345,Running ,No Alert,None
13-12-2024 08:50,12345,Running ,No Alert,None
13-12-2024 08:51,12345,Running ,No Alert,None
13-12-2024 08:52,12345,Running ,No Alert,None
13-12-2024 08:53,12345,Running ,No Alert,None
13-12-2024 08:54,12345,Running ,No Alert,None
13-12-2024 08:55,12345,Running ,No Alert,None
13-12-2024 08:56,12345,Running ,No Alert,None
13-12-2024 08:57,12345,Running ,No Alert,None
13-12-2024 08:58,12345,Running ,No Alert,None
13-12-2024 08:59,12345,Running ,No Alert,None
13-12-2024 09:00,12345,Running ,No Alert,None
13-12-2024 09:01,12345,Running ,No Alert,None
13-12-2024 09:02,12345,Running ,No Alert,None
13-12-2024 09:03,12345,Running ,No Alert,None
13-12-2024 09:04,12345,Running ,No Alert,None
13-12-2024 09:05,12345,Running ,No Alert,None
13-12-2024 09:06,12345,Running ,No Alert,None
13-12-2024 09:07,12345,Running ,No Alert,None
13-12-2024 09:08,12345,Running ,No Alert,None
13-12-2024 09:09,12345,Running ,No Alert,None
13-12-2024 09:10,12345,Running ,No Alert,None
13-12-2024 09:11,12345,Running ,No Alert,None
13-12-2024 09:12,12345,Running ,No Alert,None
13-12-2024 09:13,12345,Running ,No Alert,None
13-12-2024 09:14,12345,Running ,No Alert,None
13-12-2024 09:15,12345,Running ,No Alert,None
13-12-2024 09:16,12345,Running ,No Alert,None
13-12-2024 09:17,12345,Running ,No Alert,None
13-12-2024 09:18,12345,Running ,No Alert,None
13-12-2024 09:19,12345,Running ,No Alert,None
13-12-2024 09:20,12345,Running ,No Alert,None
13-12-2024 09:21,12345,Running ,No Alert,None
13-12-2024 09:22,12345,Running ,No Alert,None
13-12-2024 09:23,12345,Running ,No Alert,None
13-12-2024 09:24,12345,NDLS,Suspicious Activity,High
13-12-2024 09:25,12345,Running ,No Alert,None
13-12-2024 09:26,12345,Running ,No Alert,None
13-12-2024 09:27,12345,Running ,No Alert,None
13-12-2024 09:28,12345,Running ,No Alert,None
13-12-2024 09:29,12345,Running ,No Alert,None
13-12-2024 09:30,12345,Running ,No Alert,None
13-12-2024 09:31,12345,Running ,No Alert,None
13-12-2024 09:32,12345,Running ,No Alert,None
13-12-2024 09:33,12345,Running ,No Alert,None
13-12-2024 09:34,12345,Running ,No Alert,None
13-12-2024 09:35,12345,Running ,No Alert,None
13-12-2024 09:36,12345,Running ,No Alert,None
13-12-2024 09:37,12345,Running ,No Alert,None
13-12-2024 09:38,12345,Running ,No Alert,None
13-12-2024 09:39,12345,Running ,No Alert,None
13-12-2024 09:40,12345,Running ,No Alert,None
13-12-2024 09:41,12345,Running ,No Alert,None
13-12-2024 09:42,12345,Running ,No Alert,None
13-12-2024 09:43,12345,Running ,No Alert,None
13-12-2024 09:44,12345,Running ,No Alert,None
13-12-2024 09:45,12345,Running ,No Alert,None
13-12-2024 09:46,12345,Running ,No Alert,None
13-12-2024 09:47,12345,CNB,Medical Emergency,High
13-12-2024 09:48,12345,Running ,No Alert,None
13-12-2024 09:49,12345,Running ,No Alert,None
13-12-2024 09:50,12345,Running ,No Alert,None
13-12-2024 09:51,12345,Running ,No Alert,None
13-12-2024 09:52,12345,Running ,No Alert,None
13-12-2024 09:53,12345,Running ,No Alert,None
13-12-2024 09:54,12345,Running ,No Alert,None
13-12-2024 09:55,12345,Running ,No Alert,None
13-12-2024 09:56,12345,Running ,No Alert,None
13-12-2024 09:57,12345,Running ,No Alert,None
13-12-2024 09:58,12345,Running ,No Alert,None
13-12-2024 09:59,12345,Running ,No Alert,None
13-12-2024 10:00,12345,Running ,No Alert,None
13-12-2024 10:01,12345,Running ,No Alert,None
13-12-2024 10:02,12345,Running ,No Alert,None
13-12-2024 10:03,12345,Running ,No Alert,None
13-12-2024 10:04,12345,Running ,No Alert,None
13-12-2024 10:05,12345,Running ,No Alert,None
13-12-2024 10:06,12345,Running ,No Alert,None
13-12-2024 10:07,12345,Running ,No Alert,None
13-12-2024 10:08,12345,GZB,Suspicious Activity,High
13-12-2024 10:09,12345,Running ,No Alert,None
13-12-2024 10:10,12345,Running ,No Alert,None
13-12-2024 10:11,12345,Running ,No Alert,None
13-12-2024 10:12,12345,Running ,No Alert,None
13-12-2024 10:13,12345,Running ,No Alert,None
13-12-2024 10:14,12345,Running ,No Alert,None
13-12-2024 10:15,12345,Running ,No Alert,None
13-12-2024 10:16,12345,Running ,No Alert,None
13-12-2024 10:17,12345,Running ,No Alert,None
13-12-2024 10:18,12345,Running ,No Alert,None
13-12-2024 10:19,12345,Running ,No Alert,None
13-12-2024 10:20,12345,Running ,No Alert,None
13-12-2024 10:21,12345,Running ,No Alert,None
13-12-2024 10:22,12345,Running ,No Alert,None
13-12-2024 10:23,12345,Running ,No Alert,None
13-12-2024 10:24,12345,Running ,No Alert,None
13-12-2024 10:25,12345,Running ,No Alert,None
13-12-2024 10:26,12345,Running ,No Alert,None
13-12-2024 10:27,12345,Running ,No Alert,None
13-12-2024 10:28,12345,Running ,No Alert,None
13-12-2024 10:29,12345,Running ,No Alert,None
